id;fecha_hora_cita;fecha_hora_cita_fin;comentarios
1;2020-05-07T05:16:19;2020-05-06T21:51:54;Maine clicks-and-mortar
2;2020-05-07T04:05:18;2020-05-06T22:03:14;purple Salad Cotton
3;2020-05-06T19:32:28;2020-05-07T11:48:20;AGP indexing
4;2020-05-07T07:55:29;2020-05-07T10:30:15;robust
5;2020-05-06T22:44:18;2020-05-06T19:28:13;Product Cambridgeshire
6;2020-05-07T09:23:36;2020-05-06T20:03:32;Gorgeous Investment Account Qatar
7;2020-05-07T12:05:04;2020-05-06T23:18:42;Ouguiya Intelligent Wisconsin
8;2020-05-07T05:38:35;2020-05-07T03:02:28;Ergonomic Saint Martin
9;2020-05-07T06:29:14;2020-05-07T13:24:02;User-centric Lead
10;2020-05-06T19:22:37;2020-05-07T00:45:07;users high-level orange
