id;nombre;apellidos;telefono;fecha_nacimiento
1;Credit Card Account;Tools Handmade;generating Maine input;2020-05-06T23:42:26
2;Operative Green Incredible;payment capability;Quality;2020-05-06T19:45:45
3;Investor;Home;Executive incubate;2020-05-06T18:52:52
4;matrix Accounts;initiatives policy cross-platform;matrix productivity azure;2020-05-07T09:31:44
5;override;driver;feed;2020-05-07T02:32:46
6;payment digital;metrics;Bedfordshire;2020-05-06T18:42:13
7;Switchable Avon;navigate morph;user-facing Intelligent Granite;2020-05-06T18:05:15
8;background;Handcrafted Architect deposit;Buckinghamshire;2020-05-06T18:19:05
9;pixel;Investment Account seamless;interactive;2020-05-07T06:34:42
10;panel online withdrawal;auxiliary;Assurance Cambridgeshire multi-state;2020-05-07T11:49:11
